{"playerName":"","score":170,"maxHealth":120,"currentHealth":25,"playerPosition":{"x":4.363377094268799,"y":-2.6973841190338136,"z":0.0},"currentLevel":0,"progress":0.0}